anime_id,zvrst
52991,Adventure
52991,Drama
52991,Fantasy
5114,Action
5114,Adventure
5114,Drama
5114,Fantasy
9253,Drama
9253,Sci-Fi
9253,Suspense
38524,Action
38524,Drama
38524,Suspense
39486,Action
39486,Comedy
39486,Drama
39486,Sci-Fi
28977,Action
28977,Comedy
28977,Sci-Fi
11061,Action
11061,Adventure
11061,Fantasy
60022,Action
60022,Adventure
60022,Fantasy
820,Drama
820,Sci-Fi
9969,Action
9969,Comedy
9969,Sci-Fi
15417,Action
15417,Comedy
15417,Sci-Fi
41467,Action
41467,Adventure
41467,Supernatural
34096,Action
34096,Comedy
34096,Sci-Fi
43608,Comedy
43608,Romance
42938,Drama
42938,Romance
42938,Supernatural
4181,Drama
4181,Romance
918,Action
918,Comedy
918,Sci-Fi
28851,Award Winning
28851,Drama
58514,Drama
58514,Mystery
2904,Action
2904,Award Winning
2904,Drama
2904,Sci-Fi
15335,Action
15335,Comedy
15335,Sci-Fi
19,Drama
19,Mystery
19,Suspense
37491,Action
37491,Comedy
37491,Sci-Fi
60489,Drama
60489,Sci-Fi
51535,Action
51535,Drama
51535,Suspense
54492,Drama
54492,Mystery
35247,Comedy
35247,Mystery
35247,Supernatural
37987,Award Winning
37987,Drama
59571,Action
59571,Drama
59571,Suspense
32281,Award Winning
32281,Drama
49387,Action
49387,Adventure
49387,Drama
36838,Action
36838,Comedy
36838,Sci-Fi
59192,Action
59192,Supernatural
31758,Action
31758,Mystery
31758,Supernatural
37510,Action
37510,Comedy
37510,Supernatural
40028,Action
40028,Drama
40028,Suspense
199,Adventure
199,Award Winning
199,Fantasy
48583,Action
48583,Drama
48583,Suspense
37521,Action
37521,Adventure
37521,Drama
2921,Drama
2921,Sports
17074,Comedy
17074,Mystery
17074,Romance
17074,Supernatural
1,Action
1,Award Winning
1,Sci-Fi
55690,Comedy
55690,Romance
51009,Action
51009,Supernatural
52198,Comedy
52198,Drama
52198,Romance
21,Action
21,Adventure
21,Fantasy
24701,Adventure
24701,Mystery
24701,Slice of Life
24701,Supernatural
44074,Drama
44074,Mystery
44074,Suspense
45649,Award Winning
45649,Sports
48569,Action
48569,Drama
48569,Sci-Fi
59845,Drama
59845,Romance
47778,Action
47778,Supernatural
50172,Action
50172,Comedy
50172,Supernatural
53998,Action
53998,Adventure
53998,Supernatural
1575,Action
1575,Award Winning
1575,Drama
1575,Sci-Fi
44,Action
44,Drama
44,Romance
40434,Action
40434,Adventure
40434,Drama
40434,Fantasy
40434,Mystery
21939,Adventure
21939,Mystery
21939,Slice of Life
21939,Supernatural
56784,Action
56784,Adventure
56784,Supernatural
431,Adventure
431,Award Winning
431,Drama
431,Fantasy
431,Romance
164,Action
164,Adventure
164,Award Winning
164,Fantasy
57864,Comedy
57864,Mystery
57864,Supernatural
58567,Action
58567,Adventure
58567,Fantasy
457,Adventure
457,Mystery
457,Slice of Life
457,Supernatural
49413,Drama
49413,Mystery
49413,Suspense
50399,Action
50399,Adventure
50399,Drama
50399,Fantasy
23273,Drama
23273,Romance
35760,Action
35760,Drama
35760,Suspense
2001,Action
2001,Adventure
2001,Award Winning
2001,Sci-Fi
46102,Award Winning
46102,Drama
46102,Mystery
46102,Suspense
33050,Action
33050,Fantasy
34599,Adventure
34599,Drama
34599,Fantasy
34599,Mystery
34599,Sci-Fi
45576,Adventure
45576,Drama
45576,Fantasy
45576,Ecchi
11665,Slice of Life
11665,Supernatural
40591,Comedy
40591,Romance
22135,Award Winning
22135,Drama
22135,Sports
54898,Action
54898,Mystery
1535,Supernatural
1535,Suspense
49818,Action
49818,Fantasy
49818,Mystery
49818,Suspense
42310,Action
42310,Sci-Fi
36862,Adventure
36862,Drama
36862,Fantasy
36862,Mystery
36862,Sci-Fi
41084,Adventure
41084,Drama
41084,Fantasy
41084,Mystery
41084,Sci-Fi
34591,Slice of Life
34591,Supernatural
33,Action
33,Adventure
33,Drama
33,Fantasy
33,Horror
52701,Adventure
52701,Comedy
52701,Fantasy
52701,Gourmet
4565,Action
4565,Sci-Fi
38329,Drama
38329,Romance
38329,Supernatural
7311,Award Winning
7311,Mystery
7311,Sci-Fi
7311,Supernatural
3786,Action
3786,Award Winning
3786,Drama
3786,Sci-Fi
3786,Suspense
37991,Action
37991,Adventure
28957,Adventure
28957,Mystery
28957,Slice of Life
28957,Supernatural
877,Drama
877,Romance
55823,Slice of Life
55823,Supernatural
31757,Action
31757,Mystery
31757,Supernatural
32983,Slice of Life
32983,Supernatural
10379,Slice of Life
10379,Supernatural
12355,Award Winning
12355,Slice of Life
12355,Supernatural
16498,Action
16498,Award Winning
16498,Drama
16498,Suspense
32,Action
32,Avant Garde
32,Drama
32,Sci-Fi
32,Suspense
52034,Award Winning
52034,Drama
49701,Action
49701,Fantasy
40456,Action
40456,Supernatural
36098,Drama
36098,Romance
437,Avant Garde
437,Award Winning
437,Drama
437,Horror
437,Suspense
59636,Drama
59636,Sports
7785,Award Winning
7785,Comedy
7785,Mystery
7785,Romance
7785,Suspense
30484,Drama
30484,Sci-Fi
30484,Suspense
60543,Action
60543,Comedy
60543,Supernatural
11741,Action
11741,Fantasy
40748,Action
40748,Award Winning
40748,Supernatural
25777,Action
25777,Drama
25777,Suspense
5300,Slice of Life
5300,Supernatural
40417,Drama
40417,Romance
40417,Supernatural
12365,Comedy
12365,Drama
12365,Romance
7472,Action
7472,Comedy
7472,Sci-Fi
53273,Action
53273,Adventure
21329,Adventure
21329,Mystery
21329,Slice of Life
21329,Supernatural
205,Action
205,Adventure
205,Comedy
35843,Action
35843,Comedy
35843,Sci-Fi
4282,Action
4282,Drama
4282,Fantasy
4282,Mystery
4282,Romance
4282,Suspense
801,Action
801,Mystery
801,Sci-Fi
60544,Action
60544,Comedy
60544,Drama
60544,Fantasy
31933,Action
31933,Adventure
35839,Adventure
35839,Comedy
35839,Drama
44070,Action
44070,Adventure
44070,Drama
44070,Fantasy
11981,Award Winning
11981,Drama
11981,Suspense
32182,Action
32182,Comedy
32182,Supernatural
40834,Adventure
40834,Fantasy
30276,Action
30276,Comedy
37779,Mystery
37779,Suspense
47194,Mystery
47194,Supernatural
47194,Suspense
38450,Action
38450,Adventure
38450,Drama
38450,Fantasy
38450,Mystery
30654,Action
30654,Comedy
3297,Sci-Fi
3297,Slice of Life
57334,Action
57334,Comedy
57334,Supernatural
33049,Action
33049,Fantasy
37379,Drama
37379,Sports
44087,Action
44087,Comedy
60988,Action
60988,Adventure
60988,Drama
60988,Fantasy
392,Action
392,Supernatural
56538,Drama
56538,Romance
37208,Action
37208,Adventure
37208,Drama
37208,Fantasy
37208,Mystery
6114,Drama
6114,Suspense
31181,Comedy
31181,Mystery
31181,Supernatural
35737,Action
35737,Mystery
35737,Sci-Fi
35737,Suspense
36649,Action
36649,Adventure
36649,Drama
36649,Suspense
58222,Boys Love
58222,Drama
50265,Action
50265,Award Winning
50265,Comedy
11577,Drama
11577,Sci-Fi
26055,Action
26055,Adventure
54857,Drama
54857,Fantasy
54857,Suspense
44511,Action
44511,Fantasy
51039,Action
51039,Adventure
51039,Fantasy
40059,Action
40059,Adventure
136,Action
136,Adventure
136,Fantasy
36999,Comedy
36999,Mystery
36999,Supernatural
38000,Action
38000,Award Winning
38000,Supernatural
467,Action
467,Award Winning
467,Mystery
467,Sci-Fi
24687,Adventure
24687,Mystery
24687,Slice of Life
24687,Supernatural
42203,Drama
42203,Fantasy
42203,Suspense
50330,Action
50330,Mystery
21899,Action
21899,Comedy
21899,Sci-Fi
45556,Action
45556,Adventure
45556,Comedy
45556,Drama
45556,Mystery
36885,Comedy
36885,Romance
40730,Action
40730,Adventure
40730,Drama
40730,Fantasy
38040,Adventure
38040,Comedy
38040,Fantasy
2246,Horror
2246,Mystery
2246,Supernatural
2246,Suspense
55888,Adventure
55888,Drama
55888,Fantasy
55888,Ecchi
36538,Slice of Life
36538,Supernatural
48561,Action
48561,Supernatural
37999,Comedy
37999,Romance
30709,Comedy
30709,Romance
30709,Supernatural
36275,Slice of Life
36275,Supernatural
35851,Drama
35851,Fantasy
35557,Action
35557,Drama
35557,Fantasy
35557,Mystery
5,Action
5,Sci-Fi
40787,Drama
40787,Romance
37965,Drama
37965,Sports
37515,Adventure
37515,Drama
37515,Fantasy
37515,Mystery
37515,Sci-Fi
9756,Award Winning
9756,Drama
9756,Suspense
56523,Action
56523,Adventure
56523,Fantasy
56523,Sci-Fi
46095,Action
46095,Sci-Fi
46095,Suspense
55809,Action
55809,Adventure
55809,Fantasy
14397,Drama
14397,Sports
5941,Drama
5941,Romance
5941,Sports
49310,Drama
49310,Romance
5205,Action
5205,Fantasy
5205,Mystery
5205,Romance
5205,Suspense
49721,Comedy
49721,Romance
11979,Drama
11979,Suspense
55318,Drama
55318,Sports
185,Action
185,Drama
9617,Award Winning
9617,Comedy
9260,Action
9260,Mystery
9260,Supernatural
30,Action
30,Avant Garde
30,Award Winning
30,Drama
30,Sci-Fi
30,Suspense
6945,Action
6945,Comedy
6945,Sci-Fi
2251,Action
2251,Mystery
2251,Supernatural
37822,Action
37822,Adventure
37822,Fantasy
37822,Supernatural
572,Adventure
572,Award Winning
572,Drama
572,Fantasy
49926,Action
49926,Supernatural
49458,Adventure
49458,Comedy
49458,Fantasy
53540,Action
53540,Mystery
39535,Adventure
39535,Drama
39535,Fantasy
39535,Ecchi
39551,Action
39551,Comedy
39551,Fantasy
56524,Action
56524,Adventure
56524,Fantasy
56524,Sci-Fi
338,Drama
338,Romance
39547,Comedy
39547,Romance
2402,Drama
2402,Sports
41025,Adventure
41025,Drama
41025,Supernatural
777,Action
777,Horror
777,Supernatural
41457,Action
41457,Drama
41457,Sci-Fi
10030,Comedy
10030,Drama
10030,Romance
50407,Action
50407,Fantasy
50407,Supernatural
20651,Slice of Life
20651,Supernatural
13601,Action
13601,Mystery
13601,Sci-Fi
13601,Suspense
39587,Drama
39587,Fantasy
39587,Suspense
10937,Action
10937,Sci-Fi
22535,Action
22535,Horror
22535,Sci-Fi
22535,Suspense
5040,Sports
5040,Suspense
5081,Mystery
5081,Romance
5081,Supernatural
28701,Action
28701,Fantasy
42886,Drama
42886,Sci-Fi
51805,Drama
51805,Sci-Fi
2559,Adventure
2559,Drama
54870,Drama
54870,Romance
54870,Supernatural
49571,Action
49571,Adventure
49571,Fantasy
49571,Sci-Fi
12029,Action
12029,Drama
12029,Sci-Fi
34534,Slice of Life
34534,Supernatural
1210,Comedy
1210,Drama
1210,Romance
55644,Adventure
55644,Comedy
55644,Sci-Fi
137,Action
137,Adventure
137,Fantasy
31043,Mystery
31043,Suspense
10534,Adventure
10534,Comedy
10534,Fantasy
3784,Action
3784,Drama
3784,Sci-Fi
3784,Suspense
41487,Action
41487,Comedy
41487,Fantasy
40211,Adventure
40211,Drama
40211,Fantasy
4081,Slice of Life
4081,Supernatural
5341,Adventure
5341,Drama
5341,Romance
5341,Supernatural
22507,Action
22507,Drama
6594,Action
6594,Adventure
6594,Romance
5420,Drama
5420,Fantasy
1365,Adventure
1365,Mystery
6675,Action
6675,Sci-Fi
9989,Drama
9989,Supernatural
39533,Boys Love
39533,Drama
12531,Drama
12531,Romance
10863,Comedy
10863,Sci-Fi
43325,Mystery
43325,Suspense
45,Action
45,Comedy
45,Romance
2150,Adventure
2150,Fantasy
2150,Slice of Life
759,Award Winning
759,Comedy
759,Drama
58390,Romance
58390,Supernatural
54595,Action
54595,Comedy
54595,Fantasy
486,Adventure
486,Drama
486,Fantasy
1735,Action
1735,Adventure
1735,Fantasy
36371,Drama
36371,Sci-Fi
10087,Action
10087,Fantasy
9735,Action
9735,Comedy
9735,Sci-Fi
10408,Award Winning
10408,Drama
10408,Romance
10408,Supernatural
58572,Action
58572,Adventure
58572,Fantasy
25835,Award Winning
25835,Comedy
25835,Drama
38826,Award Winning
38826,Drama
38826,Romance
38826,Supernatural
52588,Action
52588,Fantasy
52588,Sci-Fi
43,Action
43,Award Winning
43,Mystery
43,Sci-Fi
43,Suspense
37520,Action
37520,Adventure
37520,Fantasy
44412,Action
44412,Adventure
44412,Fantasy
44412,Romance
44412,Supernatural
38691,Adventure
38691,Comedy
38691,Sci-Fi
57433,Drama
57433,Romance
57433,Supernatural
23327,Comedy
23327,Sci-Fi
32188,Sci-Fi
32188,Suspense
50594,Adventure
50594,Supernatural
513,Adventure
513,Award Winning
513,Fantasy
2685,Action
2685,Adventure
2685,Drama
2685,Fantasy
2685,Romance
13125,Drama
13125,Fantasy
13125,Horror
13125,Mystery
13125,Sci-Fi
13125,Suspense
2418,Action
2418,Adventure
523,Adventure
523,Award Winning
523,Supernatural
31812,Action
31812,Mystery
31812,Supernatural
1698,Comedy
1698,Romance
53111,Action
53111,Adventure
53111,Fantasy
57067,Action
57067,Adventure
57067,Fantasy
139,Action
139,Adventure
139,Fantasy
57592,Adventure
57592,Comedy
57592,Sci-Fi
37989,Action
37989,Adventure
1033,Action
1033,Adventure
1033,Award Winning
1033,Drama
1033,Fantasy
1033,Romance
44940,Action
44940,Sci-Fi
48316,Action
48316,Comedy
48316,Fantasy
32937,Adventure
32937,Comedy
32937,Fantasy
34036,Adventure
34036,Comedy
34036,Mystery
329,Award Winning
329,Drama
329,Romance
329,Sci-Fi
31240,Drama
31240,Fantasy
31240,Suspense
25681,Comedy
25681,Romance
25681,Supernatural
33051,Action
33051,Drama
33051,Sci-Fi
512,Adventure
512,Award Winning
512,Comedy
512,Drama
512,Fantasy
52299,Action
52299,Adventure
52299,Fantasy
37450,Drama
37450,Romance
37450,Supernatural
52684,Action
52684,Adventure
52684,Fantasy
35838,Adventure
35838,Mystery
35838,Sci-Fi
35838,Slice of Life
54029,Action
54029,Adventure
54029,Comedy
54029,Drama
54029,Mystery
37055,Action
37055,Fantasy
440,Award Winning
440,Drama
440,Fantasy
440,Mystery
440,Suspense
6,Action
6,Adventure
6,Sci-Fi
40784,Action
40784,Comedy
40784,Drama
40784,Mystery
39247,Slice of Life
39247,Supernatural
15227,Award Winning
15227,Drama
35677,Award Winning
35677,Drama
11977,Drama
11977,Suspense
585,Drama
585,Romance
5690,Comedy
5690,Romance
52578,Comedy
52578,Romance
12115,Action
12115,Adventure
12115,Drama
12115,Fantasy
12115,Horror
372,Award Winning
372,Comedy
372,Drama
372,Romance
61322,Adventure
61322,Comedy
61322,Sci-Fi
38680,Drama
38680,Romance
38680,Supernatural
50602,Action
50602,Comedy
53393,Adventure
53393,Mystery
53393,Sci-Fi
16664,Award Winning
16664,Fantasy
51179,Adventure
51179,Drama
51179,Fantasy
51179,Ecchi
2966,Adventure
2966,Drama
2966,Romance
2966,Supernatural
35466,Drama
35466,Romance
6811,Action
6811,Adventure
6811,Fantasy
6811,Romance
18115,Action
18115,Adventure
18115,Fantasy
5460,Action
5460,Mystery
38003,Action
38003,Mystery
36946,Action
36946,Adventure
36946,Fantasy
813,Action
813,Adventure
813,Comedy
813,Fantasy
40052,Action
40052,Adventure
40052,Mystery
59150,Action
59150,Adventure
59150,Comedy
59150,Drama
59150,Mystery
59150,Sci-Fi
59150,Supernatural
3091,Comedy
3091,Drama
3091,Mystery
3091,Supernatural
23847,Comedy
23847,Romance
32843,Action
32843,Sci-Fi
40853,Comedy
40853,Sci-Fi
49114,Action
49114,Fantasy
49114,Mystery
186,Action
186,Drama
1453,Comedy
1453,Drama
1453,Romance
40435,Comedy
40435,Fantasy
59408,Horror
59408,Mystery
59408,Supernatural
59408,Suspense
57181,Romance
57181,Sports
18617,Action
18617,Award Winning
232,Adventure
232,Comedy
232,Drama
232,Romance
10800,Drama
10800,Sports
22297,Action
22297,Fantasy
53127,Action
53127,Fantasy
36370,Drama
36370,Sci-Fi
1142,Drama
1142,Romance
138,Action
138,Adventure
138,Fantasy
6864,Drama
6864,Mystery
6864,Supernatural
49574,Action
49574,Adventure
49574,Fantasy
49590,Comedy
49590,Mystery
49590,Romance
49590,Suspense
7791,Award Winning
7791,Comedy
51019,Action
51019,Supernatural
37514,Adventure
37514,Drama
37514,Fantasy
37514,Mystery
37514,Sci-Fi
235,Adventure
235,Comedy
235,Mystery
32005,Action
32005,Mystery
40729,Sci-Fi
40729,Sports
38234,Action
38234,Adventure
38234,Fantasy
19123,Action
19123,Adventure
19123,Fantasy
18,Action
18,Drama
33323,Comedy
33323,Romance
33323,Supernatural
59833,Adventure
59833,Comedy
59833,Fantasy
59228,Action
59228,Mystery
59228,Supernatural
18195,Comedy
18195,Drama
18195,Romance
42894,Slice of Life
42894,Supernatural
33674,Drama
33674,Fantasy
33674,Romance
7674,Comedy
7674,Drama
7674,Romance
32867,Action
32867,Mystery
55655,Action
55655,Adventure
55655,Fantasy
38088,Action
38088,Adventure
38088,Comedy
38088,Drama
60557,Action
60557,Adventure
60557,Fantasy
4107,Action
4107,Sci-Fi
34537,Comedy
34537,Romance
40911,Mystery
40911,Suspense
56215,Action
56215,Adventure
56215,Fantasy
853,Comedy
853,Romance
47,Action
47,Horror
47,Sci-Fi
962,Sci-Fi
962,Slice of Life
1889,Horror
1889,Mystery
1889,Suspense
58913,Horror
58913,Mystery
58913,Supernatural
48549,Adventure
48549,Comedy
48549,Sci-Fi
40852,Adventure
40852,Comedy
40852,Sci-Fi
25537,Action
25537,Fantasy
1430,Action
1430,Adventure
1430,Award Winning
1430,Comedy
1430,Mystery
3701,Adventure
3701,Avant Garde
3701,Award Winning
3701,Mystery
3701,Romance
3701,Sci-Fi
28675,Action
28675,Romance
28675,Supernatural
30503,Action
30503,Supernatural
721,Drama
721,Mystery
721,Romance
38481,Action
38481,Fantasy
38481,Sci-Fi
34572,Action
34572,Fantasy
3371,Action
3371,Drama
3371,Sci-Fi
28223,Drama
28223,Fantasy
28223,Suspense
50612,Adventure
50612,Comedy
50612,Sci-Fi
41361,Comedy
41361,Drama
39792,Adventure
39792,Award Winning
39792,Comedy
49053,Boys Love
49053,Drama
731,Adventure
731,Drama
731,Sci-Fi
16662,Award Winning
16662,Drama
16662,Romance
39592,Action
39592,Sci-Fi
11597,Comedy
11597,Mystery
11597,Supernatural
11597,Ecchi
4477,Comedy
4477,Romance
51335,Action
51335,Adventure
51335,Fantasy
56738,Comedy
56738,Fantasy
56738,Romance
37430,Action
37430,Comedy
37430,Fantasy
55911,Comedy
55911,Suspense
31715,Comedy
31715,Romance
1827,Action
1827,Adventure
1827,Fantasy
28171,Gourmet
28171,Ecchi
53888,Action
53888,Comedy
21469,Comedy
21469,Sci-Fi
25313,Action
25313,Comedy
25313,Sci-Fi
50528,Action
50528,Adventure
14713,Comedy
14713,Romance
14713,Supernatural
1604,Action
1604,Comedy
35857,Action
35857,Adventure
35857,Comedy
35857,Mystery
59841,Action
59841,Adventure
59841,Fantasy
15059,Action
15059,Drama
20899,Action
20899,Adventure
10153,Action
10153,Comedy
10153,Drama
10153,Sci-Fi
57524,Comedy
57524,Romance
1364,Adventure
1364,Comedy
1364,Mystery
6467,Action
6467,Mystery
12859,Action
12859,Adventure
12859,Fantasy
15323,Action
15323,Adventure
15323,Fantasy
51122,Adventure
51122,Drama
51122,Romance
51122,Supernatural
53411,Action
53411,Comedy
121,Action
121,Adventure
121,Award Winning
121,Drama
121,Fantasy
239,Award Winning
239,Drama
239,Mystery
239,Sci-Fi
239,Supernatural
239,Suspense
40421,Boys Love
40421,Drama
30370,Adventure
30370,Fantasy
60420,Action
60420,Adventure
60420,Fantasy
35608,Comedy
35608,Drama
35608,Romance
49709,Adventure
49709,Drama
49709,Supernatural
2581,Action
2581,Drama
2581,Sci-Fi
1566,Action
1566,Award Winning
1566,Mystery
1566,Sci-Fi
9130,Action
9130,Adventure
9130,Fantasy
52347,Action
52347,Adventure
52347,Fantasy
339,Avant Garde
339,Award Winning
339,Drama
339,Mystery
339,Sci-Fi
339,Supernatural
339,Suspense
2236,Award Winning
2236,Drama
2236,Romance
2236,Sci-Fi
1382,Adventure
1382,Drama
1382,Sci-Fi
6746,Action
6746,Mystery
6746,Supernatural
32122,Action
32122,Comedy
46569,Action
46569,Adventure
46569,Supernatural
6336,Action
6336,Drama
6336,Sci-Fi
30831,Adventure
30831,Comedy
30831,Fantasy
32902,Drama
32902,Fantasy
302,Adventure
302,Drama
302,Sci-Fi
48661,Action
48661,Adventure
55701,Action
55701,Supernatural
52293,Action
52293,Comedy
52293,Fantasy
52293,Ecchi
4938,Action
4938,Adventure
4938,Drama
4938,Fantasy
4938,Romance
28025,Comedy
28025,Mystery
28025,Supernatural
28025,Ecchi
58689,Action
58689,Drama
58689,Fantasy
23283,Mystery
23283,Suspense
59306,Action
59306,Fantasy
59306,Suspense
3901,Action
3901,Mystery
3901,Supernatural
3016,Action
3016,Drama
3016,Sci-Fi
2951,Action
2951,Comedy
2951,Sci-Fi
24833,Action
24833,Comedy
36369,Drama
36369,Sci-Fi
135,Comedy
135,Drama
135,Supernatural
18661,Comedy
18661,Romance
18661,Supernatural
39198,Adventure
39198,Award Winning
39198,Mystery
39198,Sci-Fi
39198,Suspense
3927,Action
3927,Drama
3927,Sci-Fi
48895,Action
48895,Adventure
48895,Fantasy
4722,Comedy
4722,Drama
4722,Romance
34076,Drama
34076,Supernatural
51096,Drama
51096,Suspense
32282,Gourmet
32282,Ecchi
53887,Action
53887,Comedy
44218,Action
44218,Adventure
44218,Fantasy
44218,Sci-Fi
1471,Action
1471,Comedy
1471,Mystery
3665,Action
3665,Drama
3665,Sci-Fi
10643,Action
10643,Comedy
56980,Drama
56980,Fantasy
31251,Action
31251,Drama
31251,Sci-Fi
2449,Action
2449,Mystery
2449,Sci-Fi
2449,Suspense
22145,Action
22145,Mystery
22145,Supernatural
31149,Action
31149,Supernatural
51367,Action
51367,Adventure
1486,Comedy
1486,Drama
1486,Romance
237,Action
237,Adventure
237,Drama
237,Romance
237,Sci-Fi
851,Action
851,Comedy
35062,Drama
35062,Fantasy
35062,Romance
1367,Adventure
1367,Comedy
1367,Mystery
21419,Action
21419,Mystery
49320,Action
49320,Mystery
56063,Action
56063,Fantasy
56063,Sci-Fi
1257,Action
1257,Adventure
1257,Fantasy
1257,Sci-Fi
13759,Drama
13759,Romance
4224,Drama
4224,Romance
6547,Drama
6547,Fantasy
27833,Action
27833,Mystery
27833,Supernatural
12189,Mystery
12189,Slice of Life
2025,Action
2025,Mystery
38668,Action
38668,Comedy
38668,Fantasy
38668,Horror
227,Action
227,Avant Garde
227,Comedy
227,Sci-Fi
227,Suspense
268,Adventure
268,Comedy
268,Ecchi
8425,Drama
8425,Mystery
8425,Romance
50587,Action
50587,Sci-Fi
23317,Action
23317,Mystery
23317,Supernatural
781,Adventure
781,Comedy
781,Mystery
59953,Action
59953,Adventure
59953,Fantasy
19815,Comedy
19815,Fantasy
19815,Ecchi
21557,Drama
21557,Mystery
21557,Suspense
4155,Action
4155,Adventure
4155,Fantasy
1943,Avant Garde
1943,Award Winning
1943,Mystery
1943,Sci-Fi
1943,Suspense
40907,Action
40907,Sci-Fi
1559,Action
1559,Comedy
25013,Adventure
25013,Fantasy
25013,Romance
51836,Action
51836,Adventure
51836,Fantasy
27821,Action
27821,Fantasy
59062,Action
59062,Fantasy
54791,Boys Love
54791,Drama
59654,Action
59654,Supernatural
18679,Action
18679,Comedy
18679,Fantasy
18679,Ecchi
2034,Comedy
2034,Romance
1363,Adventure
1363,Comedy
1363,Mystery
1506,Adventure
1506,Comedy
1506,Mystery
38993,Comedy
38993,Romance
41402,Comedy
41402,Fantasy
49430,Boys Love
49430,Drama
42640,Comedy
42640,Fantasy
4918,Comedy
4918,Drama
4918,Mystery
4918,Supernatural
33161,Comedy
33161,Romance
2164,Adventure
2164,Award Winning
2164,Drama
2164,Mystery
2164,Sci-Fi
72,Action
72,Comedy
589,Action
589,Adventure
589,Drama
1974,Drama
1974,Romance
39783,Comedy
39783,Romance
153,Action
153,Adventure
153,Fantasy
3783,Action
3783,Drama
3783,Fantasy
3783,Mystery
3783,Suspense
1096,Action
1096,Award Winning
1096,Drama
1096,Mystery
1096,Sci-Fi
6045,Drama
6045,Romance
34626,Adventure
34626,Comedy
34626,Fantasy
14513,Action
14513,Adventure
14513,Fantasy
52107,Horror
52107,Mystery
52107,Supernatural
52107,Suspense
20,Action
20,Adventure
20,Fantasy
9204,Action
9204,Adventure
9204,Fantasy
59145,Action
59145,Comedy
59145,Romance
59145,Ecchi
49782,Fantasy
49782,Mystery
535,Action
535,Adventure
535,Comedy
535,Fantasy
5681,Award Winning
5681,Comedy
5681,Sci-Fi
44931,Comedy
44931,Romance
49587,Comedy
49587,Fantasy
1914,Adventure
1914,Fantasy
1914,Romance
16049,Action
16049,Fantasy
16049,Sci-Fi
6211,Award Winning
6211,Drama
14813,Comedy
14813,Romance
59226,Action
59226,Supernatural
1482,Action
1482,Adventure
1482,Fantasy
2759,Action
2759,Award Winning
2759,Drama
2759,Sci-Fi
2759,Suspense
6421,Action
6421,Adventure
6421,Drama
6421,Fantasy
82,Action
82,Drama
82,Sci-Fi
9963,Adventure
9963,Comedy
9963,Mystery
7054,Comedy
7054,Romance
81,Action
81,Adventure
81,Drama
81,Romance
81,Sci-Fi
6171,Action
6171,Adventure
6171,Fantasy
5365,Award Winning
5365,Drama
40174,Comedy
40174,Supernatural
2167,Drama
2167,Romance
2563,Sci-Fi
2563,Slice of Life
48585,Action
48585,Comedy
48585,Fantasy
269,Action
269,Adventure
269,Supernatural
223,Action
223,Adventure
223,Comedy
223,Fantasy
4789,Drama
4789,Mystery
4789,Romance
4789,Supernatural
3167,Sci-Fi
3167,Slice of Life
16,Comedy
16,Drama
16,Romance
387,Drama
387,Fantasy
387,Mystery
2004,Comedy
2004,Drama
2004,Supernatural
16706,Comedy
16706,Romance
16706,Supernatural
14807,Drama
14807,Mystery
14807,Supernatural
9656,Drama
9656,Romance
35788,Gourmet
35788,Ecchi
1065,Drama
1065,Romance
1065,Sports
1023,Action
1023,Adventure
1023,Drama
1023,Fantasy
846,Comedy
846,Romance
23777,Action
23777,Drama
23777,Suspense
41611,Comedy
41611,Fantasy
861,Comedy
861,Drama
861,Mystery
861,Supernatural
31173,Drama
31173,Romance
34440,Action
34440,Sci-Fi
23199,Action
23199,Mystery
23199,Supernatural
2448,Action
2448,Sci-Fi
4672,Action
4672,Mystery
4672,Sci-Fi
4672,Suspense
416,Action
416,Adventure
416,Award Winning
416,Comedy
416,Drama
416,Romance
30015,Drama
30015,Romance
401,Drama
401,Romance
543,Action
543,Drama
543,Fantasy
543,Horror
543,Romance
543,Sci-Fi
32615,Action
32615,Fantasy
27831,Action
27831,Mystery
27831,Supernatural
2890,Adventure
2890,Award Winning
2890,Fantasy
967,Action
967,Drama
967,Sci-Fi
54915,Comedy
54915,Romance
48411,Sci-Fi
48411,Slice of Life
996,Adventure
996,Comedy
996,Drama
996,Romance
7465,Sci-Fi
7465,Slice of Life
38422,Comedy
38422,Romance
77,Action
77,Comedy
77,Drama
40397,Comedy
40397,Fantasy
50593,Drama
50593,Mystery
50593,Romance
50593,Supernatural
42916,Action
42916,Adventure
42916,Fantasy
59939,Action
59939,Adventure
59939,Fantasy
59939,Sci-Fi
25879,Comedy
25879,Romance
50346,Romance
50346,Supernatural
51180,Drama
51180,Suspense
36702,Action
36702,Drama
36702,Suspense
2154,Action
2154,Adventure
2154,Award Winning
2154,Supernatural
2154,Suspense
41923,Action
41923,Comedy
41923,Fantasy
59077,Action
59077,Fantasy
59077,Sci-Fi
37150,Action
37150,Adventure
37150,Fantasy
37150,Romance
38084,Action
38084,Fantasy
39570,Comedy
39570,Romance
1530,Drama
1530,Romance
1530,Supernatural
31973,Action
31973,Drama
31973,Sci-Fi
33221,Action
33221,Drama
33221,Sci-Fi
5678,Drama
5678,Romance
5678,Supernatural
7222,Action
7222,Award Winning
7222,Romance
7222,Sci-Fi
16067,Drama
16067,Fantasy
16067,Romance
20507,Action
20507,Supernatural
57616,Comedy
57616,Romance
1089,Action
1089,Romance
1089,Sci-Fi
52865,Comedy
52865,Romance
52865,Supernatural
60285,Action
60285,Comedy
12477,Adventure
12477,Award Winning
12477,Sci-Fi
36949,Gourmet
36949,Ecchi
2618,Adventure
2618,Drama
2618,Mystery
58509,Action
58509,Adventure
58509,Fantasy
122,Comedy
122,Drama
122,Romance
122,Supernatural
61595,Romance
61595,Sci-Fi
4059,Drama
4059,Romance
58883,Drama
58883,Sci-Fi
2761,Drama
2761,Sci-Fi
50207,Action
50207,Adventure
50207,Fantasy
34100,Action
34100,Fantasy
56609,Action
56609,Mystery
56609,Supernatural
10721,Avant Garde
10721,Drama
10721,Mystery
10721,Supernatural
10721,Suspense
15689,Mystery
15689,Romance
15689,Supernatural
15689,Ecchi
46422,Fantasy
46422,Romance
10049,Action
10049,Supernatural
8740,Adventure
8740,Fantasy
5682,Action
5682,Drama
5682,Suspense
35790,Action
35790,Adventure
35790,Drama
35790,Fantasy
35968,Comedy
35968,Romance
793,Comedy
793,Drama
793,Mystery
793,Supernatural
48171,Drama
48171,Supernatural
21647,Award Winning
21647,Romance
28,Comedy
28,Gourmet
30279,Comedy
30279,Girls Love
34944,Action
34944,Mystery
59001,Comedy
59001,Romance
38409,Action
38409,Comedy
38409,Drama
38409,Mystery
38409,Romance
1470,Action
1470,Comedy
1470,Mystery
2450,Comedy
2450,Sci-Fi
21855,Comedy
21855,Mystery
21855,Supernatural
187,Action
187,Drama
59177,Action
59177,Fantasy
59177,Sci-Fi
33206,Slice of Life
33206,Supernatural
16001,Drama
16001,Romance
16001,Supernatural
24997,Award Winning
24997,Slice of Life
55742,Drama
55742,Fantasy
55742,Romance
60108,Action
60108,Adventure
60108,Fantasy
37675,Action
37675,Adventure
37675,Fantasy
27775,Drama
27775,Romance
27775,Sci-Fi
427,Comedy
427,Drama
427,Supernatural
7711,Award Winning
7711,Supernatural
6774,Avant Garde
6774,Drama
17265,Action
17265,Adventure
17265,Fantasy
6438,Adventure
6438,Comedy
6438,Mystery
29803,Action
29803,Adventure
29803,Fantasy
61508,Action
61508,Adventure
61508,Fantasy
4106,Action
4106,Adventure
4106,Sci-Fi
48580,Action
48580,Fantasy
48580,Mystery
32995,Award Winning
32995,Sports
52976,Action
52976,Adventure
52976,Drama
52976,Fantasy
52976,Horror
34437,Action
34437,Drama
34437,Sci-Fi
7338,Action
7338,Mystery
57066,Action
57066,Adventure
57066,Fantasy
790,Mystery
790,Sci-Fi
790,Suspense
2829,Adventure
2829,Drama
2952,Action
2952,Fantasy
3907,Adventure
3907,Romance
3907,Sci-Fi
53199,Action
53199,Sci-Fi
85,Action
85,Drama
85,Romance
85,Sci-Fi
27947,Action
27947,Adventure
27947,Comedy
27947,Mystery
28297,Comedy
28297,Romance
35848,Action
35848,Sci-Fi
18397,Action
18397,Drama
18397,Suspense
20057,Comedy
20057,Sci-Fi
14075,Action
14075,Drama
14075,Fantasy
14075,Mystery
14075,Suspense
24,Comedy
24,Romance
31098,Action
31098,Adventure
31098,Supernatural
37786,Drama
37786,Girls Love
29893,Sci-Fi
29893,Slice of Life
34438,Action
34438,Sci-Fi
38436,Action
38436,Adventure
38436,Fantasy
38436,Romance
38436,Supernatural
31339,Action
31339,Adventure
31339,Comedy
31339,Fantasy
36028,Action
36028,Adventure
35075,Comedy
35075,Fantasy
2828,Adventure
2828,Drama
13331,Action
13331,Adventure
1088,Action
1088,Romance
1088,Sci-Fi
3572,Action
3572,Award Winning
3572,Romance
3572,Sci-Fi
36563,Sci-Fi
36563,Sports
780,Adventure
780,Comedy
780,Mystery
249,Action
249,Adventure
249,Fantasy
249,Romance
1594,Horror
1594,Mystery
1594,Supernatural
1594,Suspense
14719,Action
14719,Adventure
14719,Supernatural
52168,Action
52168,Sci-Fi
31490,Action
31490,Adventure
31490,Fantasy
322,Drama
322,Romance
957,Adventure
957,Fantasy
957,Romance
11813,Action
11813,Comedy
57183,Action
57183,Adventure
57183,Fantasy
58930,Drama
58930,Fantasy
12113,Action
12113,Adventure
12113,Drama
12113,Fantasy
12113,Horror
10012,Comedy
10012,Supernatural
59205,Action
59205,Fantasy
14353,Drama
14353,Fantasy
14353,Suspense
2471,Adventure
2471,Comedy
2471,Fantasy
2471,Sci-Fi
934,Horror
934,Mystery
934,Suspense
2924,Drama
2924,Mystery
2924,Romance
3014,Action
3014,Sci-Fi
7645,Action
7645,Comedy
10080,Comedy
10080,Romance
10080,Supernatural
16782,Award Winning
16782,Drama
16782,Romance
55855,Action
55855,Mystery
55855,Supernatural
50403,Comedy
50403,Romance
34021,Action
34021,Adventure
34021,Drama
25517,Adventure
25517,Comedy
25517,Romance
4985,Action
4985,Comedy
4985,Drama
4985,Sci-Fi
779,Adventure
779,Comedy
779,Mystery
38770,Action
38770,Comedy
38770,Drama
38770,Mystery
795,Drama
795,Girls Love
6007,Adventure
6007,Romance
6007,Supernatural
58059,Action
58059,Fantasy
49570,Action
49570,Adventure
49570,Fantasy
37936,Action
37936,Fantasy
23775,Action
23775,Drama
23775,Suspense
3588,Action
3588,Comedy
3588,Fantasy
2158,Action
2158,Drama
2158,Sci-Fi
42249,Action
42249,Drama
41389,Comedy
41389,Romance
949,Action
949,Award Winning
949,Comedy
949,Drama
949,Sci-Fi
54790,Fantasy
54790,Mystery
23225,Comedy
23225,Girls Love
54846,Drama
54846,Romance
30415,Drama
30415,Sports
37029,Comedy
37029,Fantasy
49828,Action
49828,Sci-Fi
18429,Action
18429,Comedy
18429,Mystery
35798,Action
35798,Award Winning
35798,Drama
35798,Mystery
36215,Action
36215,Adventure
36215,Fantasy
30885,Comedy
30885,Supernatural
25161,Adventure
25161,Fantasy
36796,Comedy
36796,Mystery
36796,Supernatural
49889,Action
49889,Adventure
49889,Comedy
49889,Fantasy
54829,Comedy
54829,Romance
54829,Sci-Fi
1921,Action
1921,Adventure
1921,Comedy
1921,Drama
1921,Romance
1921,Sci-Fi
47405,Action
47405,Adventure
47405,Fantasy
60541,Action
60541,Adventure
60541,Fantasy
35507,Drama
35507,Suspense
49469,Drama
49469,Suspense
9513,Action
9513,Comedy
9513,Supernatural
37435,Drama
37435,Sci-Fi
52505,Horror
52505,Supernatural
8408,Action
8408,Comedy
8408,Supernatural
55993,Action
55993,Adventure
55993,Fantasy
24471,Comedy
24471,Fantasy
15039,Drama
15039,Supernatural
40956,Action
40956,Fantasy
40956,Sci-Fi
54968,Comedy
54968,Romance
429,Comedy
429,Drama
32380,Comedy
32380,Fantasy
32871,Comedy
32871,Sports
31741,Action
31741,Adventure
31741,Fantasy
4087,Action
4087,Adventure
569,Comedy
569,Sci-Fi
400,Action
400,Adventure
400,Comedy
400,Sci-Fi
20371,Boys Love
20371,Comedy
20371,Drama
36106,Action
36106,Drama
48849,Award Winning
48849,Mystery
9941,Action
9941,Comedy
9941,Mystery
9941,Sci-Fi
52093,Action
52093,Adventure
52093,Sci-Fi
6505,Comedy
6505,Romance
53859,Comedy
53859,Fantasy
890,Action
890,Adventure
890,Sci-Fi
42091,Action
42091,Drama
42091,Suspense
849,Award Winning
849,Comedy
849,Mystery
849,Sci-Fi
54918,Action
54918,Drama
17909,Award Winning
17909,Drama
17909,Supernatural
48548,Comedy
48548,Romance
32998,Action
32998,Drama
32998,Suspense
1485,Comedy
1485,Drama
49784,Comedy
49784,Fantasy
50410,Action
50410,Adventure
50410,Award Winning
50410,Comedy
50410,Drama
50410,Fantasy
4280,Action
4280,Fantasy
4280,Mystery
4280,Suspense
37765,Action
37765,Drama
37765,Sci-Fi
56175,Comedy
56175,Girls Love
43439,Fantasy
43439,Mystery
49200,Drama
49200,Mystery
49200,Suspense
39575,Adventure
39575,Drama
39575,Fantasy
12445,Horror
12445,Mystery
12445,Romance
12445,Supernatural
10521,Comedy
10521,Romance
12403,Comedy
12403,Girls Love
9465,Action
9465,Fantasy
31478,Action
31478,Mystery
966,Comedy
966,Ecchi
2397,Adventure
2397,Comedy
2397,Sci-Fi
985,Adventure
985,Drama
985,Fantasy
23289,Comedy
23289,Romance
28669,Action
28669,Comedy
267,Action
267,Drama
267,Sci-Fi
40046,Mystery
40046,Sci-Fi
40046,Suspense
24921,Action
24921,Sci-Fi
1472,Action
1472,Comedy
1472,Mystery
2035,Drama
2035,Romance
2321,Action
2321,Drama
2321,Sci-Fi
31433,Drama
31433,Sci-Fi
451,Action
451,Adventure
451,Fantasy
451,Romance
33489,Adventure
33489,Comedy
33489,Fantasy
40082,Action
40082,Adventure
40082,Comedy
40082,Mystery
7304,Adventure
7304,Mystery
54724,Adventure
54724,Comedy
33190,Drama
33190,Sci-Fi
31592,Action
31592,Adventure
31592,Comedy
31592,Fantasy
4163,Comedy
4163,Romance
4163,Supernatural
44196,Action
44196,Fantasy
1172,Action
1172,Adventure
1172,Comedy
1172,Fantasy
49733,Mystery
49733,Suspense
45055,Comedy
45055,Drama
45055,Romance
16870,Action
16870,Adventure
16870,Fantasy
16870,Romance
22319,Action
22319,Fantasy
22319,Horror
22319,Suspense
95,Action
95,Adventure
95,Award Winning
95,Drama
95,Romance
95,Sci-Fi
202,Action
202,Adventure
202,Drama
202,Fantasy
202,Mystery
39195,Drama
39195,Suspense
9724,Action
9724,Fantasy
49738,Drama
49738,Supernatural
12413,Action
12413,Adventure
49893,Slice of Life
49893,Supernatural
28725,Drama
28725,Romance
14349,Adventure
14349,Comedy
14349,Fantasy
23293,Action
23293,Adventure
23293,Drama
22097,Action
22097,Adventure
22097,Fantasy
34745,Adventure
34745,Comedy
34745,Fantasy
55813,Action
55813,Comedy
55813,Fantasy
1366,Adventure
1366,Comedy
1366,Mystery
875,Adventure
875,Avant Garde
875,Award Winning
875,Comedy
875,Romance
50360,Adventure
50360,Drama
50360,Fantasy
55745,Action
55745,Adventure
55745,Fantasy
8038,Comedy
8038,Romance
468,Action
468,Award Winning
468,Mystery
468,Sci-Fi
468,Suspense
570,Action
570,Award Winning
570,Drama
570,Romance
570,Suspense
97,Action
97,Adventure
97,Sci-Fi
1729,Drama
1729,Girls Love
1505,Adventure
1505,Comedy
1505,Mystery
4447,Adventure
4447,Comedy
4447,Mystery
464,Action
464,Adventure
464,Drama
464,Fantasy
38990,Comedy
38990,Drama
38990,Fantasy
10029,Award Winning
10029,Romance
552,Action
552,Adventure
552,Comedy
552,Fantasy
37033,Gourmet
37033,Slice of Life
2762,Action
2762,Adventure
2762,Comedy
2762,Romance
6351,Drama
6351,Romance
55151,Action
55151,Adventure
55151,Fantasy
55151,Romance
6033,Action
6033,Adventure
6033,Comedy
6033,Fantasy
1824,Award Winning
1824,Drama
20431,Comedy
20431,Fantasy
39938,Award Winning
39938,Fantasy
34451,Action
34451,Fantasy
80,Action
80,Drama
80,Sci-Fi
1425,Action
1425,Adventure
1425,Comedy
1425,Mystery
5310,Action
5310,Romance
5310,Sci-Fi
8310,Adventure
8310,Comedy
8310,Romance
39764,Action
39764,Comedy
39764,Drama
39764,Mystery
40858,Action
40858,Mystery
40858,Sci-Fi
40858,Suspense
210,Action
210,Comedy
210,Romance
210,Ecchi
1253,Action
1253,Adventure
1253,Fantasy
1253,Sci-Fi
397,Action
397,Romance
397,Sci-Fi
2273,Action
2273,Drama
2273,Sci-Fi
44068,Action
44068,Adventure
44068,Comedy
44068,Fantasy
58555,Comedy
58555,Fantasy
30902,Comedy
30902,Girls Love
30727,Comedy
30727,Romance
30727,Ecchi
1254,Action
1254,Adventure
1254,Fantasy
1254,Sci-Fi
9088,Action
9088,Adventure
9088,Drama
9088,Fantasy
55651,Comedy
55651,Romance
46431,Comedy
46431,Romance
30123,Drama
30123,Romance
40935,Drama
40935,Suspense
9252,Action
9252,Fantasy
21867,Adventure
21867,Comedy
21867,Mystery
1491,Adventure
1491,Drama
1491,Sci-Fi
49220,Comedy
49220,Fantasy
3782,Action
3782,Fantasy
3782,Mystery
3782,Romance
3782,Suspense
41221,Comedy
41221,Romance
19111,Award Winning
19111,Slice of Life
13203,Action
13203,Adventure
13203,Award Winning
13203,Comedy
13203,Ecchi
52955,Drama
52955,Fantasy
52955,Romance
57993,Comedy
57993,Girls Love
48896,Action
48896,Adventure
48896,Fantasy
1092,Action
1092,Adventure
1092,Drama
1092,Sci-Fi
6115,Action
6115,Adventure
6115,Comedy
6115,Mystery
8609,Adventure
8609,Comedy
8609,Mystery
35073,Action
35073,Adventure
35073,Fantasy
53129,Drama
53129,Romance
53129,Supernatural
10083,Horror
10083,Mystery
10083,Supernatural
10083,Suspense
1279,Adventure
1279,Sci-Fi
26,Avant Garde
26,Drama
26,Mystery
26,Sci-Fi
26,Suspense
52741,Action
52741,Comedy
41674,Sci-Fi
41674,Slice of Life
1473,Action
1473,Comedy
1473,Mystery
47164,Action
47164,Adventure
47164,Fantasy
1281,Horror
1281,Mystery
1281,Supernatural
21877,Comedy
21877,Romance
8142,Award Winning
8142,Drama
41461,Action
41461,Fantasy
41461,Romance
41461,Sci-Fi
35120,Action
35120,Avant Garde
35120,Horror
35120,Supernatural
1571,Horror
1571,Mystery
1571,Supernatural
17895,Drama
17895,Romance
19319,Action
19319,Sci-Fi
3603,Action
3603,Adventure
3603,Horror
93,Action
93,Award Winning
93,Drama
93,Romance
93,Sci-Fi
33263,Drama
33263,Mystery
33263,Supernatural
60572,Action
60572,Fantasy
35658,Comedy
35658,Sports
19489,Adventure
19489,Comedy
19489,Fantasy
39196,Comedy
39196,Fantasy
3750,Drama
3750,Girls Love
8795,Action
8795,Comedy
8795,Fantasy
8795,Ecchi
20159,Action
20159,Adventure
20159,Comedy
20159,Fantasy
1007,Action
1007,Comedy
1007,Romance
1007,Ecchi
56768,Boys Love
56768,Drama
32673,Slice of Life
32673,Supernatural
51769,Action
51769,Adventure
51769,Fantasy
51769,Romance
54285,Action
54285,Adventure
54285,Fantasy
54285,Romance
2143,Action
2143,Adventure
2143,Drama
2143,Fantasy
154,Action
154,Adventure
154,Supernatural
91,Action
91,Award Winning
91,Drama
91,Sci-Fi
39940,Gourmet
39940,Ecchi
407,Comedy
407,Drama
407,Mystery
52305,Comedy
52305,Romance
54112,Comedy
54112,Suspense
978,Action
978,Adventure
978,Horror
978,Sci-Fi
1818,Action
1818,Adventure
1818,Fantasy
8687,Comedy
8687,Sci-Fi
41219,Action
41219,Adventure
41219,Fantasy
41497,Action
41497,Fantasy
29095,Drama
29095,Romance
29095,Suspense
5630,Award Winning
5630,Mystery
5630,Romance
5630,Sci-Fi
5630,Suspense
4886,Action
4886,Adventure
4886,Fantasy
4886,Romance
1379,Adventure
1379,Drama
1379,Fantasy
1910,Adventure
1910,Drama
1910,Mystery
28479,Action
28479,Mystery
59612,Mystery
59612,Supernatural
59612,Suspense
42670,Adventure
42670,Comedy
42670,Fantasy
42670,Gourmet
11887,Drama
11887,Romance
11887,Supernatural
10090,Action
10090,Mystery
10090,Sci-Fi
4080,Adventure
4080,Comedy
4080,Fantasy
18153,Action
18153,Supernatural
25015,Action
25015,Supernatural
1462,Award Winning
1462,Drama
1462,Horror
1462,Sci-Fi
1462,Suspense
709,Action
709,Adventure
709,Fantasy
709,Sci-Fi
709,Slice of Life
7724,Horror
7724,Mystery
7724,Supernatural
7724,Suspense
534,Action
534,Adventure
534,Comedy
534,Fantasy
51533,Comedy
51533,Romance
11001,Action
11001,Comedy
11001,Romance
23249,Action
23249,Award Winning
23249,Drama
23249,Sci-Fi
531,Drama
531,Romance
1520,Drama
1520,Mystery
1520,Suspense
2994,Supernatural
2994,Suspense
22777,Action
22777,Adventure
22777,Comedy
22777,Fantasy
40906,Action
40906,Adventure
40906,Fantasy
38671,Action
38671,Fantasy
38671,Sci-Fi
31483,Drama
31483,Romance
9074,Comedy
9074,Romance
10218,Action
10218,Adventure
10218,Drama
10218,Fantasy
10218,Horror
39178,Action
39178,Adventure
39178,Fantasy
44248,Comedy
44248,Fantasy
